               epoch,      train/box_loss,      train/obj_loss,      train/cls_loss,   metrics/precision,      metrics/recall,     metrics/mAP_0.5,metrics/mAP_0.5:0.95,        val/box_loss,        val/obj_loss,        val/cls_loss,               x/lr0,               x/lr1,               x/lr2
                   0,            0.095288,            0.032364,            0.055125,           0.0063406,             0.95176,             0.08897,            0.031797,            0.049422,            0.022158,              0.0443,              0.0829,              0.0019,              0.0019
                   1,            0.060367,            0.030039,            0.051204,             0.12866,             0.48414,             0.17966,            0.089765,            0.046861,            0.013462,            0.041917,            0.064887,           0.0038871,           0.0038871
                   2,            0.058162,            0.021825,            0.049475,              0.1508,             0.59689,             0.21839,            0.080927,             0.05014,           0.0091101,            0.035561,            0.046861,           0.0058611,           0.0058611
                   3,            0.052454,            0.019431,            0.046858,             0.13654,             0.61656,             0.19694,             0.10188,            0.056091,           0.0087723,            0.034625,            0.028822,           0.0078218,           0.0078218
                   4,            0.050741,            0.015977,            0.046364,             0.18774,              0.4693,              0.2071,             0.11737,            0.046884,           0.0073194,            0.037255,            0.010769,           0.0097693,           0.0097693
                   5,            0.044443,            0.016504,            0.044702,             0.18936,             0.57207,             0.28237,             0.15928,            0.041393,           0.0087843,            0.029915,            0.009835,            0.009835,            0.009835
                   6,            0.039328,            0.016054,            0.043339,             0.21333,             0.54303,             0.30103,             0.20554,            0.035418,           0.0078519,            0.032217,            0.009835,            0.009835,            0.009835
                   7,            0.037431,            0.014909,            0.042992,             0.26415,             0.74965,             0.40387,              0.2518,            0.039569,           0.0079324,            0.029475,            0.009802,            0.009802,            0.009802
                   8,            0.034814,            0.014253,            0.041132,             0.32032,             0.66328,              0.4257,             0.30593,            0.032108,            0.007367,            0.030692,            0.009769,            0.009769,            0.009769
                   9,            0.031441,            0.014299,            0.040228,             0.32308,             0.55208,             0.38735,             0.26458,            0.032723,           0.0076486,            0.036911,            0.009736,            0.009736,            0.009736
                  10,            0.030018,            0.013983,            0.040147,             0.42615,             0.72651,             0.52019,             0.40833,            0.032402,           0.0066274,            0.025188,            0.009703,            0.009703,            0.009703
                  11,            0.028709,            0.014079,            0.038286,              0.3748,             0.64998,             0.50272,              0.4082,            0.030556,           0.0066208,            0.035261,             0.00967,             0.00967,             0.00967
                  12,            0.028673,            0.014114,            0.035867,             0.53647,               0.654,             0.57425,             0.43913,            0.033902,            0.006658,            0.026108,            0.009637,            0.009637,            0.009637
                  13,            0.027918,            0.014104,            0.036922,             0.58751,              0.6805,             0.64414,             0.51216,             0.03186,           0.0062786,            0.021899,            0.009604,            0.009604,            0.009604
                  14,            0.026721,            0.012618,            0.035531,             0.54572,             0.57724,             0.61526,             0.49492,            0.031749,           0.0063069,             0.01791,            0.009571,            0.009571,            0.009571
                  15,            0.027453,            0.013393,            0.035389,             0.62839,             0.76373,             0.71396,             0.58723,            0.030111,           0.0063311,            0.017703,            0.009538,            0.009538,            0.009538
                  16,            0.028066,            0.013577,            0.033608,              0.7113,             0.75143,             0.75969,             0.59197,            0.032106,           0.0065874,            0.016563,            0.009505,            0.009505,            0.009505
                  17,            0.024765,            0.012861,            0.033634,             0.67466,             0.72033,             0.74747,             0.59696,            0.031562,            0.006236,            0.019226,            0.009472,            0.009472,            0.009472
                  18,            0.026069,            0.013873,            0.031771,             0.82007,             0.85614,             0.87251,              0.7113,            0.031546,           0.0065136,            0.012089,            0.009439,            0.009439,            0.009439
                  19,            0.025725,            0.012637,            0.030211,             0.70335,             0.71041,             0.75691,             0.61401,            0.031555,           0.0063042,            0.022393,            0.009406,            0.009406,            0.009406
                  20,            0.026457,            0.013746,            0.032119,             0.68366,             0.62057,             0.67297,              0.5445,            0.029283,            0.007174,            0.025673,            0.009373,            0.009373,            0.009373
                  21,             0.02563,            0.013077,            0.029399,             0.85588,             0.78469,             0.85387,             0.71497,            0.028518,           0.0063364,            0.014579,             0.00934,             0.00934,             0.00934
                  22,            0.024155,            0.012355,            0.031185,             0.88121,             0.77398,             0.86063,             0.73367,              0.0292,           0.0068304,            0.015768,            0.009307,            0.009307,            0.009307
                  23,            0.021889,             0.01242,            0.031805,             0.70204,             0.57528,             0.66033,             0.54034,            0.028998,           0.0062793,             0.02793,            0.009274,            0.009274,            0.009274
                  24,            0.023346,             0.01189,            0.027956,              0.7689,             0.72769,             0.80118,             0.64149,            0.031603,           0.0068434,            0.019417,            0.009241,            0.009241,            0.009241
                  25,            0.024168,            0.012795,            0.029186,             0.75298,             0.68643,             0.74306,             0.64499,            0.029814,           0.0076981,            0.020413,            0.009208,            0.009208,            0.009208
                  26,            0.023592,            0.012031,             0.03031,             0.77248,             0.86923,             0.87513,             0.74852,            0.029632,           0.0062387,            0.014806,            0.009175,            0.009175,            0.009175
                  27,             0.02261,            0.011584,            0.028556,             0.86666,             0.87355,             0.87898,             0.74538,            0.030397,           0.0062046,            0.012677,            0.009142,            0.009142,            0.009142
                  28,            0.022664,            0.012994,            0.024802,             0.76304,             0.80838,             0.86454,             0.75144,            0.026121,           0.0061554,              0.0183,            0.009109,            0.009109,            0.009109
                  29,            0.023203,             0.01255,            0.028251,             0.73483,             0.64651,             0.75985,             0.64671,            0.028973,           0.0061972,            0.033138,            0.009076,            0.009076,            0.009076
                  30,            0.021546,            0.011999,            0.028015,             0.79833,             0.78052,             0.85726,             0.73792,            0.029086,           0.0060189,            0.016175,            0.009043,            0.009043,            0.009043
                  31,            0.021324,             0.01145,            0.028924,             0.82169,             0.76527,             0.84673,             0.72743,              0.0296,           0.0061114,            0.013512,             0.00901,             0.00901,             0.00901
                  32,             0.02182,            0.012104,            0.027463,             0.80183,             0.68189,             0.74767,              0.6364,            0.030326,           0.0061394,            0.016258,            0.008977,            0.008977,            0.008977
                  33,            0.021111,            0.011312,            0.027718,             0.78039,             0.76806,             0.85714,             0.73008,            0.030679,           0.0063174,            0.017614,            0.008944,            0.008944,            0.008944
                  34,             0.02186,            0.012513,            0.028075,             0.89281,             0.85822,             0.91094,             0.79147,             0.02914,           0.0059437,            0.014868,            0.008911,            0.008911,            0.008911
                  35,            0.021746,            0.012227,            0.025799,             0.86202,             0.72811,             0.84633,             0.74387,            0.029175,           0.0063102,            0.015419,            0.008878,            0.008878,            0.008878
                  36,            0.022454,            0.012384,            0.025824,             0.81841,             0.79432,             0.86723,             0.73261,            0.028761,           0.0067907,            0.013402,            0.008845,            0.008845,            0.008845
                  37,            0.019788,            0.011801,            0.026341,             0.76856,             0.76027,             0.83634,             0.73411,            0.028516,           0.0064803,             0.01979,            0.008812,            0.008812,            0.008812
                  38,            0.022698,            0.011899,            0.026137,             0.84788,             0.81385,             0.87539,             0.76475,            0.030622,           0.0068964,            0.011356,            0.008779,            0.008779,            0.008779
                  39,            0.020604,            0.011581,            0.028015,             0.87153,             0.85736,             0.90843,             0.78399,            0.027162,             0.00577,            0.014182,            0.008746,            0.008746,            0.008746
                  40,             0.02023,            0.011182,            0.025196,             0.86587,             0.86589,             0.90856,             0.79154,            0.029075,           0.0058745,            0.016342,            0.008713,            0.008713,            0.008713
                  41,            0.020381,            0.011358,            0.027257,             0.68922,             0.65751,             0.70442,             0.61675,            0.029268,           0.0065556,            0.030277,             0.00868,             0.00868,             0.00868
                  42,            0.020466,            0.011333,            0.027982,             0.88249,              0.8662,             0.91148,             0.80424,            0.028586,           0.0055848,            0.012186,            0.008647,            0.008647,            0.008647
                  43,            0.020493,            0.011666,            0.026136,             0.86339,             0.92395,             0.92229,             0.81392,            0.027961,           0.0054567,            0.011038,            0.008614,            0.008614,            0.008614
                  44,            0.018334,            0.010793,            0.025414,             0.87685,             0.78598,             0.87467,              0.7698,            0.028911,           0.0062998,            0.012116,            0.008581,            0.008581,            0.008581
                  45,            0.019334,            0.011865,             0.02627,             0.88326,             0.84649,              0.8696,             0.76544,              0.0283,            0.006333,            0.010902,            0.008548,            0.008548,            0.008548
                  46,             0.02018,            0.011503,            0.026869,             0.86724,             0.87625,             0.90404,             0.79721,            0.027822,           0.0057454,             0.01186,            0.008515,            0.008515,            0.008515
                  47,            0.019463,            0.011418,            0.026123,              0.8997,             0.91336,             0.92007,             0.81776,            0.026677,           0.0056369,            0.010903,            0.008482,            0.008482,            0.008482
                  48,            0.018897,             0.01096,            0.024916,             0.82019,             0.78451,             0.83665,             0.74332,            0.027072,           0.0061821,            0.013515,            0.008449,            0.008449,            0.008449
                  49,            0.019084,            0.010636,            0.026121,             0.79973,             0.72337,             0.79774,              0.7095,            0.028149,           0.0069475,            0.018671,            0.008416,            0.008416,            0.008416
                  50,             0.01869,             0.01047,            0.028974,             0.88535,             0.86747,             0.91006,             0.78822,            0.029919,           0.0059094,            0.010765,            0.008383,            0.008383,            0.008383
                  51,            0.018705,            0.011152,            0.024975,             0.83762,             0.81182,               0.842,             0.75316,            0.025966,           0.0060667,             0.01372,             0.00835,             0.00835,             0.00835
                  52,            0.019141,            0.010782,            0.024656,             0.86207,             0.83353,             0.88729,             0.78848,             0.02801,           0.0053831,            0.013543,            0.008317,            0.008317,            0.008317
                  53,            0.019776,            0.011296,            0.022906,             0.87214,             0.86925,             0.91003,             0.81989,            0.029358,           0.0055402,           0.0091824,            0.008284,            0.008284,            0.008284
                  54,            0.019889,            0.010723,            0.023711,             0.73141,             0.51841,             0.60053,             0.52954,            0.028519,           0.0080592,            0.023538,            0.008251,            0.008251,            0.008251
                  55,            0.019717,            0.011659,            0.024912,              0.8386,             0.76797,             0.83494,             0.75164,            0.026547,           0.0074534,            0.016279,            0.008218,            0.008218,            0.008218
                  56,            0.018075,            0.010792,            0.023947,             0.84469,             0.82695,             0.85136,             0.75316,            0.027654,           0.0066992,            0.010931,            0.008185,            0.008185,            0.008185
                  57,            0.019903,             0.01072,            0.024342,             0.82308,             0.77571,             0.83274,               0.752,            0.027956,           0.0065999,             0.01293,            0.008152,            0.008152,            0.008152
                  58,            0.018814,            0.011002,            0.026902,             0.89083,             0.90566,             0.93695,             0.84191,            0.027355,           0.0060284,            0.010921,            0.008119,            0.008119,            0.008119
                  59,            0.018824,            0.010764,            0.024671,             0.80751,             0.82437,             0.82957,             0.74613,            0.028491,           0.0066614,             0.01279,            0.008086,            0.008086,            0.008086
                  60,            0.017773,            0.010306,            0.022927,             0.92802,             0.87692,              0.9173,             0.83328,            0.027385,           0.0058694,           0.0086428,            0.008053,            0.008053,            0.008053
                  61,            0.018605,            0.010087,            0.023397,             0.78268,             0.73497,             0.80806,             0.71864,            0.027438,           0.0071601,            0.015783,             0.00802,             0.00802,             0.00802
                  62,            0.019735,            0.010678,            0.024618,             0.92878,             0.87398,             0.91591,               0.829,            0.026274,           0.0058837,           0.0088194,            0.007987,            0.007987,            0.007987
                  63,            0.017297,            0.010741,            0.023657,              0.9228,             0.90186,             0.92073,             0.83778,            0.025893,            0.006011,             0.00953,            0.007954,            0.007954,            0.007954
                  64,            0.018577,            0.010349,            0.022472,             0.63332,             0.53663,             0.56282,             0.50341,            0.028297,           0.0091784,            0.021867,            0.007921,            0.007921,            0.007921
                  65,            0.017205,           0.0099942,            0.026271,             0.90596,              0.8687,             0.91992,             0.82884,            0.027559,           0.0056334,            0.013761,            0.007888,            0.007888,            0.007888
                  66,            0.016707,           0.0099243,            0.026379,             0.93425,             0.90061,             0.93538,             0.84904,            0.027386,            0.005537,           0.0095379,            0.007855,            0.007855,            0.007855
                  67,            0.017811,            0.010818,            0.023039,             0.89546,             0.85031,              0.9023,             0.82152,             0.02849,           0.0062153,           0.0085412,            0.007822,            0.007822,            0.007822
                  68,            0.017916,            0.011116,            0.023416,             0.90008,             0.88309,             0.91899,             0.83936,            0.026587,           0.0060588,            0.010071,            0.007789,            0.007789,            0.007789
                  69,            0.017974,             0.01005,            0.021223,             0.89354,             0.86605,             0.90821,             0.81154,            0.028176,           0.0060871,           0.0081499,            0.007756,            0.007756,            0.007756
                  70,             0.01794,            0.010266,            0.022811,             0.86845,             0.81456,             0.87941,              0.8007,            0.026028,           0.0058011,           0.0088591,            0.007723,            0.007723,            0.007723
                  71,            0.017122,           0.0096008,            0.026726,             0.93495,             0.85402,             0.91162,             0.81127,             0.02648,           0.0057648,           0.0082949,             0.00769,             0.00769,             0.00769
                  72,            0.016079,            0.010047,            0.023647,              0.9209,             0.90166,             0.92412,             0.84048,            0.025135,           0.0059654,            0.010262,            0.007657,            0.007657,            0.007657
                  73,            0.016354,            0.010865,            0.024492,             0.94101,             0.90497,             0.93396,             0.84942,            0.027803,            0.005519,           0.0069773,            0.007624,            0.007624,            0.007624
                  74,            0.017616,            0.009881,              0.0247,             0.90821,             0.90649,             0.92782,             0.84659,            0.026669,           0.0058055,           0.0078183,            0.007591,            0.007591,            0.007591
                  75,            0.016498,           0.0096306,            0.023946,             0.91795,             0.88377,              0.9065,              0.8278,            0.027475,           0.0061935,           0.0089843,            0.007558,            0.007558,            0.007558
                  76,            0.018551,            0.010253,            0.021141,             0.86821,             0.84877,             0.87536,             0.79976,            0.026352,           0.0061591,            0.010783,            0.007525,            0.007525,            0.007525
                  77,            0.016521,            0.010148,            0.022924,             0.93485,             0.90353,             0.93018,             0.83914,            0.027516,           0.0057134,            0.008506,            0.007492,            0.007492,            0.007492
                  78,            0.016554,            0.010474,            0.022232,             0.93938,              0.8549,             0.90361,             0.83615,            0.026748,           0.0061848,            0.010523,            0.007459,            0.007459,            0.007459
                  79,            0.017285,             0.01052,            0.024199,             0.90524,             0.82172,             0.86826,             0.79713,            0.027465,           0.0065506,            0.011321,            0.007426,            0.007426,            0.007426
                  80,            0.016535,           0.0096405,            0.021687,             0.88169,             0.76893,             0.86152,             0.79274,            0.026773,           0.0065892,            0.013647,            0.007393,            0.007393,            0.007393
                  81,            0.016063,           0.0094666,            0.022174,             0.94436,             0.88641,             0.91898,             0.83277,            0.026404,           0.0061854,            0.010177,             0.00736,             0.00736,             0.00736
                  82,            0.018156,            0.010869,            0.021758,             0.91749,             0.89877,             0.92424,             0.83978,            0.026084,           0.0056047,           0.0094086,            0.007327,            0.007327,            0.007327
                  83,            0.016747,           0.0097164,            0.024807,              0.8712,             0.89899,             0.90907,             0.84144,            0.025086,           0.0055051,             0.01608,            0.007294,            0.007294,            0.007294
                  84,            0.016765,            0.010213,            0.023616,             0.89494,             0.87046,             0.90497,              0.8274,             0.02667,           0.0060023,            0.011518,            0.007261,            0.007261,            0.007261
                  85,            0.015461,           0.0094894,            0.024295,             0.91162,             0.85416,             0.90646,             0.82744,            0.026471,           0.0058023,             0.01181,            0.007228,            0.007228,            0.007228
                  86,            0.016434,            0.010023,            0.024355,             0.86981,             0.81738,             0.86311,             0.79231,            0.024901,           0.0060521,            0.013112,            0.007195,            0.007195,            0.007195
                  87,            0.016319,           0.0091179,            0.021348,             0.90823,             0.79304,             0.87179,             0.81088,            0.025083,           0.0061688,            0.013091,            0.007162,            0.007162,            0.007162
                  88,            0.017619,           0.0089241,            0.022965,             0.89231,             0.83006,             0.87552,             0.81204,            0.024908,           0.0060163,            0.010178,            0.007129,            0.007129,            0.007129
                  89,            0.016497,           0.0090185,             0.02114,             0.90413,             0.83328,             0.86777,             0.80131,            0.024886,           0.0066335,           0.0093331,            0.007096,            0.007096,            0.007096
                  90,            0.016367,           0.0093329,            0.023018,             0.93219,             0.84425,             0.87452,             0.81225,            0.025751,           0.0069924,           0.0094884,            0.007063,            0.007063,            0.007063
                  91,            0.014737,            0.009312,             0.01949,             0.85267,             0.81723,             0.85475,             0.79004,            0.024148,           0.0071459,           0.0080267,             0.00703,             0.00703,             0.00703
                  92,            0.017801,            0.010098,            0.023679,             0.88383,             0.85757,             0.88231,             0.80111,            0.023657,           0.0062435,           0.0099079,            0.006997,            0.006997,            0.006997
                  93,            0.015879,           0.0095692,            0.024079,             0.86671,             0.81743,             0.88113,             0.80718,            0.024829,           0.0062827,            0.012268,            0.006964,            0.006964,            0.006964
                  94,            0.015102,           0.0091103,            0.023419,             0.90227,             0.85433,             0.89867,              0.8272,            0.025673,           0.0062908,            0.011769,            0.006931,            0.006931,            0.006931
                  95,             0.01485,            0.009532,            0.023732,             0.90951,             0.88473,             0.92002,             0.84809,            0.023158,           0.0058142,            0.013416,            0.006898,            0.006898,            0.006898
                  96,            0.015634,            0.009353,             0.02203,             0.90573,             0.82461,             0.87313,             0.80747,            0.024909,           0.0063251,           0.0097458,            0.006865,            0.006865,            0.006865
                  97,             0.01636,           0.0098693,            0.025411,             0.93165,             0.85878,             0.89841,             0.83098,            0.025498,           0.0065453,            0.009291,            0.006832,            0.006832,            0.006832
                  98,            0.014576,           0.0093445,            0.024809,             0.94267,             0.89134,             0.91616,             0.84921,            0.025217,           0.0061323,           0.0079733,            0.006799,            0.006799,            0.006799
                  99,            0.014323,           0.0089754,            0.025374,             0.79483,             0.80645,             0.85119,             0.78232,            0.025926,           0.0066697,            0.011118,            0.006766,            0.006766,            0.006766
                 100,            0.015373,           0.0089352,            0.023261,             0.90687,             0.90499,             0.92441,             0.85308,            0.026558,            0.006098,           0.0083504,            0.006733,            0.006733,            0.006733
                 101,            0.015529,           0.0098362,            0.023121,             0.91279,             0.90064,             0.91662,             0.85645,            0.025672,           0.0058649,           0.0090672,              0.0067,              0.0067,              0.0067
                 102,            0.014622,           0.0094217,            0.019951,             0.94182,             0.90557,             0.93021,             0.86714,            0.024963,           0.0053377,           0.0078147,            0.006667,            0.006667,            0.006667
                 103,            0.015458,           0.0092608,            0.024328,             0.89917,             0.88816,             0.91251,              0.8403,            0.024397,           0.0059446,           0.0089562,            0.006634,            0.006634,            0.006634
                 104,            0.016233,           0.0096421,            0.022051,             0.92356,             0.87305,             0.90514,             0.83254,            0.026054,           0.0059029,           0.0091521,            0.006601,            0.006601,            0.006601
                 105,            0.015851,           0.0088666,            0.024645,             0.92611,             0.91191,             0.93636,             0.86224,            0.023034,           0.0055101,            0.011308,            0.006568,            0.006568,            0.006568
                 106,            0.013839,            0.009177,            0.024467,               0.898,             0.84468,             0.89871,             0.82781,            0.021847,           0.0060697,            0.010105,            0.006535,            0.006535,            0.006535
                 107,            0.016323,           0.0091994,            0.021486,             0.94825,             0.83361,             0.90252,             0.83423,            0.022568,           0.0065615,           0.0086114,            0.006502,            0.006502,            0.006502
                 108,            0.015108,           0.0094774,            0.022565,             0.91857,             0.84853,             0.89072,              0.8312,            0.026062,           0.0064424,           0.0089866,            0.006469,            0.006469,            0.006469
                 109,            0.015438,           0.0091003,            0.022071,             0.93874,             0.89656,             0.92326,             0.86191,            0.025869,           0.0055881,           0.0084982,            0.006436,            0.006436,            0.006436
                 110,             0.01434,           0.0087863,            0.022277,             0.90317,             0.84318,             0.89594,             0.83205,            0.026554,           0.0057008,           0.0092441,            0.006403,            0.006403,            0.006403
                 111,            0.015614,           0.0092118,            0.021713,             0.91595,             0.90436,              0.9166,             0.85561,            0.025863,           0.0053956,           0.0093715,             0.00637,             0.00637,             0.00637
                 112,            0.015168,           0.0089109,            0.022922,             0.93595,             0.90232,             0.92025,              0.8507,            0.024268,           0.0059135,           0.0094957,            0.006337,            0.006337,            0.006337
                 113,            0.014244,           0.0090391,            0.023807,              0.8959,             0.89163,             0.91468,             0.84552,            0.025394,           0.0058934,            0.010906,            0.006304,            0.006304,            0.006304
                 114,            0.014889,           0.0084522,            0.025516,             0.89725,             0.86578,             0.89325,             0.83628,            0.025273,           0.0058857,            0.010717,            0.006271,            0.006271,            0.006271
                 115,            0.014463,           0.0094479,            0.022495,              0.9283,              0.8739,             0.90728,             0.84085,            0.023064,           0.0059714,           0.0086569,            0.006238,            0.006238,            0.006238
                 116,            0.014163,            0.008887,            0.024216,             0.91401,              0.8867,             0.90657,             0.84343,            0.022274,           0.0057549,            0.010477,            0.006205,            0.006205,            0.006205
                 117,            0.014014,           0.0090798,             0.02087,             0.93856,             0.85391,              0.9028,              0.8437,            0.022995,           0.0059839,            0.010388,            0.006172,            0.006172,            0.006172
                 118,            0.014507,           0.0083656,            0.023293,             0.91732,             0.85394,             0.90463,             0.83916,            0.023482,           0.0060466,           0.0095322,            0.006139,            0.006139,            0.006139
                 119,            0.013879,           0.0088989,            0.021563,             0.91149,             0.83652,             0.89709,             0.83598,            0.025404,           0.0062404,           0.0097809,            0.006106,            0.006106,            0.006106
                 120,            0.014454,           0.0085835,            0.018619,             0.92924,             0.84844,             0.88445,             0.82083,            0.024461,           0.0065089,           0.0099368,            0.006073,            0.006073,            0.006073
                 121,            0.014566,           0.0098377,            0.020344,              0.9059,             0.84168,             0.88754,              0.8273,            0.023525,           0.0068835,            0.009518,             0.00604,             0.00604,             0.00604
                 122,            0.012976,           0.0085338,            0.022765,             0.94326,             0.83261,             0.89207,             0.83721,            0.024255,           0.0065851,             0.01166,            0.006007,            0.006007,            0.006007
                 123,            0.014527,           0.0094102,            0.021443,             0.93392,             0.87193,             0.90992,             0.85051,            0.023912,           0.0058253,            0.011994,            0.005974,            0.005974,            0.005974
                 124,            0.013369,           0.0086058,            0.022818,             0.94409,             0.87842,             0.90279,             0.84468,            0.023516,           0.0060959,           0.0093322,            0.005941,            0.005941,            0.005941
                 125,            0.014752,           0.0090352,            0.021503,             0.93626,              0.8366,             0.87756,             0.82262,            0.024249,           0.0062882,           0.0087328,            0.005908,            0.005908,            0.005908
                 126,            0.013148,           0.0085552,            0.022266,              0.9421,             0.85694,             0.89867,             0.84455,            0.025043,           0.0058016,           0.0089843,            0.005875,            0.005875,            0.005875
                 127,            0.014473,            0.008461,            0.022385,             0.93263,              0.8583,             0.89799,             0.83457,             0.02409,           0.0066016,             0.00911,            0.005842,            0.005842,            0.005842
                 128,            0.014523,           0.0089715,            0.020931,             0.94854,             0.87169,             0.90077,             0.83857,            0.024618,           0.0058942,           0.0081301,            0.005809,            0.005809,            0.005809
                 129,             0.01449,           0.0087703,            0.020396,             0.93625,             0.83497,             0.88316,             0.82875,            0.025336,           0.0068141,           0.0070931,            0.005776,            0.005776,            0.005776
                 130,             0.01355,           0.0089365,             0.02115,             0.94446,             0.85826,             0.89923,             0.84189,            0.024978,           0.0061684,           0.0075866,            0.005743,            0.005743,            0.005743
                 131,            0.013604,           0.0089337,            0.023293,             0.92586,             0.89275,             0.92529,             0.86889,            0.024595,           0.0058481,           0.0095482,             0.00571,             0.00571,             0.00571
                 132,            0.013417,           0.0087039,            0.020353,             0.93531,             0.86467,              0.9191,             0.85402,            0.024443,            0.005667,           0.0093106,            0.005677,            0.005677,            0.005677
                 133,            0.013204,           0.0084452,             0.02108,             0.94169,             0.83625,             0.87772,             0.81764,            0.024433,           0.0061828,            0.010231,            0.005644,            0.005644,            0.005644
                 134,            0.013543,           0.0084224,            0.022688,             0.91682,             0.87666,              0.9048,             0.85038,            0.024342,           0.0057039,           0.0092064,            0.005611,            0.005611,            0.005611
                 135,             0.01406,           0.0087529,            0.022242,             0.92667,             0.86129,             0.88433,             0.82929,            0.024633,           0.0064889,           0.0096692,            0.005578,            0.005578,            0.005578
                 136,             0.01333,           0.0087789,            0.020202,             0.92551,             0.87145,             0.88442,             0.83024,            0.023636,           0.0069582,           0.0075131,            0.005545,            0.005545,            0.005545
                 137,            0.012364,            0.008943,            0.021961,              0.9457,             0.87641,             0.90621,             0.84034,            0.023574,           0.0061598,           0.0066599,            0.005512,            0.005512,            0.005512
                 138,            0.012798,           0.0084301,            0.023587,             0.92826,             0.83451,             0.88829,             0.83267,            0.026194,           0.0067351,           0.0079926,            0.005479,            0.005479,            0.005479
                 139,              0.0141,            0.008641,            0.021718,             0.90541,              0.8828,               0.883,             0.82684,            0.026637,           0.0062222,           0.0085876,            0.005446,            0.005446,            0.005446
                 140,            0.013622,           0.0087325,            0.022431,             0.94648,             0.87276,             0.90549,             0.85129,             0.02594,           0.0058931,            0.007772,            0.005413,            0.005413,            0.005413
                 141,             0.01218,           0.0078739,            0.021495,             0.93847,              0.8526,             0.89091,             0.83914,            0.025344,           0.0058974,           0.0085224,             0.00538,             0.00538,             0.00538
                 142,            0.013248,           0.0076572,            0.022586,             0.94534,             0.83845,             0.88468,             0.83101,            0.025137,           0.0063435,           0.0090879,            0.005347,            0.005347,            0.005347
                 143,            0.012586,           0.0083373,            0.020994,             0.91658,              0.8061,             0.86139,             0.80901,            0.024769,            0.006534,            0.011239,            0.005314,            0.005314,            0.005314
                 144,            0.013329,           0.0085135,            0.024284,             0.90201,             0.83975,             0.87689,             0.81602,            0.025293,           0.0062876,            0.010345,            0.005281,            0.005281,            0.005281
                 145,            0.013393,           0.0082644,            0.021237,             0.91237,             0.85089,             0.88059,             0.82646,            0.026342,           0.0061632,           0.0093991,            0.005248,            0.005248,            0.005248
                 146,            0.012818,           0.0085631,            0.021652,             0.91794,             0.84829,             0.87962,             0.82693,            0.023871,           0.0064893,           0.0089273,            0.005215,            0.005215,            0.005215
                 147,            0.013115,           0.0084838,            0.021338,             0.93914,             0.87641,             0.92226,             0.86478,            0.024302,           0.0057818,           0.0094223,            0.005182,            0.005182,            0.005182
                 148,            0.013711,           0.0085859,            0.021455,             0.90536,             0.80652,             0.88081,             0.82595,            0.026292,           0.0061471,           0.0099676,            0.005149,            0.005149,            0.005149
                 149,            0.012341,           0.0086133,            0.023166,             0.82798,             0.77389,             0.79288,               0.746,            0.026135,           0.0077655,            0.014942,            0.005116,            0.005116,            0.005116
                 150,            0.012168,           0.0085326,            0.022305,             0.93522,             0.81942,             0.85045,             0.80324,             0.02434,           0.0071753,           0.0096572,            0.005083,            0.005083,            0.005083
                 151,            0.012543,            0.008062,            0.022139,             0.93057,             0.82605,             0.86681,             0.81704,            0.025771,           0.0062953,            0.009704,             0.00505,             0.00505,             0.00505
                 152,             0.01179,           0.0082054,            0.024282,             0.94168,             0.83402,              0.8626,             0.81307,            0.026703,           0.0066458,           0.0073349,            0.005017,            0.005017,            0.005017
                 153,            0.012747,           0.0086495,            0.020747,             0.92131,             0.84963,             0.88522,             0.83032,            0.025798,           0.0063869,           0.0065105,            0.004984,            0.004984,            0.004984
                 154,            0.012934,           0.0085091,            0.020522,             0.89908,             0.84555,             0.87995,             0.82953,            0.025699,           0.0059076,           0.0078784,            0.004951,            0.004951,            0.004951
                 155,            0.012412,           0.0074803,              0.0233,              0.9153,             0.85438,              0.8901,             0.84539,            0.024704,           0.0062095,           0.0093616,            0.004918,            0.004918,            0.004918
                 156,            0.012541,           0.0087875,             0.02125,             0.90973,             0.85715,             0.89697,             0.84337,            0.024871,           0.0060829,            0.010335,            0.004885,            0.004885,            0.004885
                 157,            0.013566,           0.0086318,            0.022574,             0.92331,             0.86172,             0.88755,             0.83989,            0.025544,           0.0065032,            0.010046,            0.004852,            0.004852,            0.004852
                 158,            0.012559,           0.0082107,            0.021384,             0.92816,             0.86824,             0.88609,             0.83356,            0.025875,            0.006187,           0.0092786,            0.004819,            0.004819,            0.004819
                 159,            0.013198,           0.0083866,            0.018614,             0.94163,             0.85505,             0.87871,             0.82744,            0.025784,           0.0069997,           0.0077894,            0.004786,            0.004786,            0.004786
                 160,               0.013,           0.0085554,            0.021146,             0.95401,             0.85705,             0.88866,              0.8424,            0.025539,           0.0064817,           0.0080047,            0.004753,            0.004753,            0.004753
                 161,            0.012993,           0.0073938,            0.022227,              0.9407,             0.84175,             0.87165,             0.82471,            0.025319,           0.0067189,            0.010267,             0.00472,             0.00472,             0.00472
                 162,            0.011894,            0.008107,            0.022017,             0.92686,             0.81739,              0.8658,             0.82319,            0.025115,           0.0067028,            0.011108,            0.004687,            0.004687,            0.004687
                 163,            0.011951,           0.0082753,            0.019673,             0.91421,             0.86966,             0.89288,             0.84802,             0.02477,            0.006173,            0.010144,            0.004654,            0.004654,            0.004654
                 164,            0.013624,           0.0080483,            0.021421,             0.94887,             0.83891,             0.87942,             0.83466,            0.025824,           0.0062218,           0.0088924,            0.004621,            0.004621,            0.004621
                 165,            0.013291,           0.0081772,            0.020302,             0.93873,             0.83228,             0.86638,             0.82654,            0.025359,           0.0065937,           0.0099818,            0.004588,            0.004588,            0.004588
                 166,             0.01207,           0.0080257,            0.021877,             0.92379,             0.84127,             0.87334,             0.83112,            0.025136,           0.0068431,           0.0096815,            0.004555,            0.004555,            0.004555
                 167,             0.01168,            0.007981,             0.02159,             0.92705,             0.85121,             0.89528,             0.84487,             0.02528,           0.0062544,            0.009474,            0.004522,            0.004522,            0.004522
                 168,            0.013744,           0.0084637,            0.021132,             0.93876,             0.82039,             0.86253,             0.82171,            0.024823,           0.0075795,           0.0096444,            0.004489,            0.004489,            0.004489
                 169,            0.011567,           0.0078012,            0.020847,              0.9235,             0.84685,             0.88771,              0.8414,            0.024331,           0.0059999,            0.009014,            0.004456,            0.004456,            0.004456
                 170,            0.012514,           0.0079148,            0.017557,              0.9496,             0.83926,             0.87131,             0.82563,            0.024653,            0.007204,           0.0075214,            0.004423,            0.004423,            0.004423
                 171,            0.012016,           0.0077473,            0.020403,             0.94072,             0.83281,              0.8886,             0.83804,            0.024643,           0.0065498,           0.0070987,             0.00439,             0.00439,             0.00439
                 172,            0.012721,           0.0081192,            0.023177,             0.94563,             0.84083,             0.88167,             0.82889,            0.024645,           0.0070415,           0.0079015,            0.004357,            0.004357,            0.004357
                 173,            0.012348,           0.0079397,            0.021634,             0.93435,             0.83884,             0.88713,             0.83653,            0.024422,           0.0070418,           0.0091363,            0.004324,            0.004324,            0.004324
                 174,            0.012875,           0.0076341,            0.019442,             0.93732,             0.85415,             0.88409,             0.83612,            0.024693,           0.0067779,           0.0073548,            0.004291,            0.004291,            0.004291
                 175,            0.012261,            0.007769,            0.021548,             0.93438,             0.82825,             0.86537,             0.82049,            0.025406,             0.00717,           0.0088011,            0.004258,            0.004258,            0.004258
                 176,            0.012724,           0.0079477,            0.019986,             0.91362,             0.84031,              0.8705,             0.83047,            0.025682,           0.0067455,            0.010146,            0.004225,            0.004225,            0.004225
                 177,            0.012564,           0.0072436,            0.019966,             0.91579,             0.82555,             0.86313,             0.81781,            0.025979,           0.0071522,           0.0094006,            0.004192,            0.004192,            0.004192
                 178,            0.012562,           0.0079595,            0.022398,             0.93662,             0.85056,             0.87392,             0.82658,            0.024935,            0.006908,            0.008012,            0.004159,            0.004159,            0.004159
                 179,            0.011527,           0.0078986,            0.022024,             0.93122,             0.90173,             0.91701,             0.87024,            0.025278,           0.0057274,           0.0078758,            0.004126,            0.004126,            0.004126
                 180,            0.012004,            0.007389,            0.024662,             0.91521,             0.85551,             0.88773,             0.84048,            0.025741,           0.0064541,           0.0086446,            0.004093,            0.004093,            0.004093
                 181,            0.010778,           0.0075107,            0.023872,             0.93191,             0.86614,             0.89517,             0.84555,            0.025123,           0.0063099,           0.0086069,             0.00406,             0.00406,             0.00406
                 182,            0.011287,           0.0078914,            0.019778,             0.90208,             0.82405,             0.85884,             0.81204,            0.024411,           0.0069291,           0.0095087,            0.004027,            0.004027,            0.004027
                 183,            0.011616,           0.0082217,            0.019063,             0.91619,             0.87593,             0.89261,             0.84266,             0.02494,           0.0064528,            0.006301,            0.003994,            0.003994,            0.003994
                 184,             0.01207,              0.0081,            0.021076,             0.91119,             0.83025,             0.86658,             0.81732,            0.025026,             0.00664,           0.0067085,            0.003961,            0.003961,            0.003961
                 185,            0.010117,            0.007303,            0.020839,             0.93919,             0.83791,             0.88403,             0.84461,            0.024557,            0.006171,           0.0074753,            0.003928,            0.003928,            0.003928
                 186,            0.011296,           0.0078656,            0.019836,             0.92999,             0.84756,             0.87156,             0.82738,             0.02507,            0.006601,           0.0076722,            0.003895,            0.003895,            0.003895
                 187,            0.011813,           0.0078525,             0.01936,             0.91864,             0.84431,             0.86571,             0.82676,            0.024975,           0.0068719,           0.0078751,            0.003862,            0.003862,            0.003862
                 188,            0.010418,           0.0067333,             0.02054,             0.92605,             0.85671,             0.88895,             0.84116,             0.02472,           0.0063734,           0.0077264,            0.003829,            0.003829,            0.003829
                 189,            0.010371,           0.0075417,            0.020673,             0.93131,             0.87562,             0.89795,             0.85248,            0.024868,            0.006446,              0.0073,            0.003796,            0.003796,            0.003796
                 190,             0.01156,           0.0078054,            0.020696,             0.92579,              0.8893,              0.8971,             0.84982,            0.025236,            0.006184,           0.0071292,            0.003763,            0.003763,            0.003763
                 191,            0.011208,           0.0076522,            0.021009,             0.93547,             0.84983,             0.87782,             0.83429,            0.024845,           0.0069215,           0.0077081,             0.00373,             0.00373,             0.00373
                 192,            0.010664,           0.0078484,            0.020088,             0.94025,             0.84685,             0.88516,             0.84236,            0.025285,           0.0067243,           0.0085638,            0.003697,            0.003697,            0.003697
                 193,            0.010974,           0.0071089,            0.020475,             0.91632,             0.85944,             0.89867,             0.85241,            0.025198,           0.0060334,           0.0085591,            0.003664,            0.003664,            0.003664
                 194,            0.011806,            0.007871,            0.022099,             0.93739,             0.85311,             0.90372,             0.85523,            0.025044,           0.0059064,           0.0077263,            0.003631,            0.003631,            0.003631
                 195,            0.011158,           0.0073605,            0.019542,             0.92784,             0.84466,              0.8807,             0.83684,            0.024756,           0.0065538,           0.0075641,            0.003598,            0.003598,            0.003598
                 196,            0.011013,           0.0073992,            0.022122,             0.94247,             0.86548,             0.88886,             0.84327,            0.024467,             0.00654,           0.0077699,            0.003565,            0.003565,            0.003565
                 197,            0.010747,           0.0069574,            0.020314,             0.93309,             0.85128,             0.88795,             0.83881,            0.024109,           0.0064489,           0.0070486,            0.003532,            0.003532,            0.003532
                 198,            0.010794,           0.0074346,             0.02391,              0.9012,             0.84281,             0.87305,             0.82913,            0.023496,           0.0064192,           0.0079782,            0.003499,            0.003499,            0.003499
                 199,            0.010829,           0.0069256,            0.019577,             0.92111,             0.87471,             0.87825,             0.83742,             0.02346,           0.0065195,           0.0076283,            0.003466,            0.003466,            0.003466
                 200,            0.010423,            0.007135,            0.021612,             0.93772,             0.84651,             0.87891,             0.83726,            0.023361,           0.0069544,           0.0071329,            0.003433,            0.003433,            0.003433
                 201,            0.010826,           0.0071083,            0.021429,              0.9333,             0.86641,             0.89354,             0.85298,            0.023441,           0.0062069,            0.007598,              0.0034,              0.0034,              0.0034
                 202,            0.010226,           0.0072483,            0.019948,             0.92355,             0.85709,             0.88119,             0.84219,            0.023574,           0.0066288,           0.0076616,            0.003367,            0.003367,            0.003367
                 203,            0.010137,            0.006811,            0.022926,             0.93775,             0.83837,             0.88055,             0.83704,            0.024285,           0.0066712,           0.0077257,            0.003334,            0.003334,            0.003334
                 204,            0.010427,            0.006928,            0.023624,             0.93374,             0.85899,             0.88698,             0.84634,            0.024733,           0.0060026,           0.0085205,            0.003301,            0.003301,            0.003301
                 205,            0.011799,           0.0075309,            0.018324,             0.92983,             0.83541,             0.87298,             0.83121,             0.02408,            0.006664,           0.0085988,            0.003268,            0.003268,            0.003268
                 206,            0.010286,           0.0065245,            0.021343,             0.93049,             0.83875,             0.87997,             0.84117,             0.02375,           0.0065732,           0.0082994,            0.003235,            0.003235,            0.003235
                 207,            0.010554,           0.0071632,            0.020662,             0.91682,             0.84742,             0.88472,             0.84513,            0.023613,           0.0061152,           0.0081602,            0.003202,            0.003202,            0.003202
                 208,           0.0098362,           0.0070314,            0.022167,             0.91723,             0.81852,             0.87362,             0.83087,            0.023552,           0.0063565,           0.0083158,            0.003169,            0.003169,            0.003169
                 209,            0.010743,           0.0070904,            0.020133,             0.92507,             0.82631,             0.85976,             0.81838,             0.02364,           0.0072237,           0.0084539,            0.003136,            0.003136,            0.003136
                 210,             0.01058,           0.0073219,            0.018835,             0.92958,             0.83471,             0.87001,             0.83078,            0.023897,           0.0067947,           0.0075354,            0.003103,            0.003103,            0.003103
                 211,             0.01052,           0.0072343,            0.022038,             0.93045,             0.83042,             0.86077,             0.81917,            0.023197,            0.007017,           0.0072825,             0.00307,             0.00307,             0.00307
                 212,            0.010769,           0.0073355,            0.020898,             0.92832,             0.84609,             0.87559,             0.83286,            0.023574,           0.0069776,           0.0075938,            0.003037,            0.003037,            0.003037
                 213,            0.010784,           0.0069707,            0.018716,             0.93102,             0.86787,             0.88875,             0.84333,            0.024606,           0.0067879,           0.0068388,            0.003004,            0.003004,            0.003004
                 214,            0.010896,           0.0074909,            0.019591,             0.92349,             0.85725,             0.87949,             0.83475,            0.024462,           0.0067289,           0.0068873,            0.002971,            0.002971,            0.002971
                 215,            0.010216,            0.007512,            0.020876,             0.93181,             0.83134,             0.86852,             0.82498,            0.023844,           0.0072062,           0.0067218,            0.002938,            0.002938,            0.002938
                 216,            0.010657,           0.0066766,            0.019468,             0.93272,             0.85587,             0.89301,              0.8484,            0.023605,           0.0061547,           0.0079084,            0.002905,            0.002905,            0.002905
                 217,             0.01004,           0.0067538,            0.021994,             0.93811,             0.85743,             0.89406,             0.85286,            0.024073,           0.0062184,           0.0074355,            0.002872,            0.002872,            0.002872
                 218,            0.010411,           0.0071175,            0.019077,             0.93429,             0.85814,             0.87986,             0.83157,            0.025052,           0.0067849,            0.006975,            0.002839,            0.002839,            0.002839
                 219,            0.011121,           0.0072609,            0.021152,             0.91463,             0.83976,              0.8635,             0.81803,             0.02526,           0.0073761,           0.0071822,            0.002806,            0.002806,            0.002806
                 220,            0.010532,           0.0073069,            0.018712,             0.92459,             0.85619,             0.87808,             0.83583,            0.024985,           0.0070165,           0.0067033,            0.002773,            0.002773,            0.002773
                 221,           0.0093617,           0.0067324,             0.02238,             0.93787,             0.84872,             0.87916,              0.8364,            0.024586,            0.006966,           0.0067683,             0.00274,             0.00274,             0.00274
                 222,           0.0095058,           0.0074297,            0.019656,             0.94137,             0.83159,             0.86901,             0.82496,            0.024892,           0.0071309,           0.0071119,            0.002707,            0.002707,            0.002707
                 223,            0.010053,           0.0065047,            0.019665,             0.93114,             0.85952,             0.88087,             0.84014,            0.024838,           0.0065928,           0.0061579,            0.002674,            0.002674,            0.002674
                 224,            0.010381,            0.006781,            0.021632,             0.91934,             0.85969,              0.8764,             0.83916,            0.024515,           0.0069473,           0.0060791,            0.002641,            0.002641,            0.002641
                 225,           0.0096316,           0.0062797,            0.022272,              0.9454,             0.85091,             0.87832,             0.83743,            0.024635,           0.0071122,           0.0068082,            0.002608,            0.002608,            0.002608
                 226,           0.0098371,           0.0069406,            0.019414,              0.9456,             0.86032,             0.87714,             0.83705,            0.024602,           0.0068399,             0.00821,            0.002575,            0.002575,            0.002575
                 227,            0.010106,           0.0068843,            0.019529,             0.93732,             0.86072,             0.88258,             0.83774,            0.023949,           0.0068443,             0.00765,            0.002542,            0.002542,            0.002542
                 228,            0.009857,           0.0068244,            0.018754,             0.93897,              0.8697,             0.88452,             0.84293,            0.024012,           0.0065809,           0.0069907,            0.002509,            0.002509,            0.002509
                 229,            0.010338,           0.0070034,            0.021249,             0.93905,             0.86447,             0.88417,             0.84147,            0.024209,           0.0065224,           0.0067251,            0.002476,            0.002476,            0.002476
                 230,           0.0097445,           0.0068411,            0.021355,             0.93731,             0.85111,             0.87729,              0.8333,            0.023985,           0.0066121,           0.0074378,            0.002443,            0.002443,            0.002443
                 231,           0.0093963,           0.0067697,            0.020026,             0.93923,             0.83886,             0.86488,              0.8254,            0.023907,           0.0069639,           0.0076963,             0.00241,             0.00241,             0.00241
                 232,           0.0099768,           0.0069929,            0.020599,             0.93681,             0.84191,             0.86837,             0.83166,            0.024107,           0.0072313,            0.006932,            0.002377,            0.002377,            0.002377
                 233,            0.010079,           0.0067886,            0.019204,             0.94789,             0.83974,             0.88411,             0.83956,            0.024189,           0.0069108,           0.0063931,            0.002344,            0.002344,            0.002344
                 234,           0.0089742,            0.006633,            0.022075,             0.94052,             0.84659,             0.87036,             0.82754,            0.024163,           0.0070298,           0.0069226,            0.002311,            0.002311,            0.002311
                 235,           0.0092938,           0.0070037,            0.020567,              0.9351,             0.82799,             0.86656,             0.82881,            0.023984,           0.0074626,           0.0083771,            0.002278,            0.002278,            0.002278
                 236,           0.0098216,           0.0068457,            0.020299,             0.93704,             0.86351,             0.88892,              0.8525,            0.023992,           0.0069177,            0.007598,            0.002245,            0.002245,            0.002245
                 237,            0.010158,           0.0067578,              0.0211,             0.94765,             0.86503,              0.8922,              0.8516,            0.024229,           0.0064486,           0.0069349,            0.002212,            0.002212,            0.002212
                 238,           0.0093837,           0.0074098,            0.021583,             0.93135,             0.81067,             0.86803,             0.82921,            0.023878,           0.0079163,             0.00774,            0.002179,            0.002179,            0.002179
                 239,            0.010043,           0.0068157,             0.01734,             0.91884,             0.85469,             0.88108,             0.83784,             0.02368,           0.0077589,            0.008295,            0.002146,            0.002146,            0.002146
                 240,            0.010319,           0.0069587,            0.020711,             0.93396,              0.8675,             0.89343,             0.85242,            0.024062,           0.0067681,           0.0066653,            0.002113,            0.002113,            0.002113
                 241,           0.0096697,           0.0068978,            0.020819,             0.93691,             0.86627,             0.89618,             0.85719,            0.023664,           0.0069548,           0.0057777,             0.00208,             0.00208,             0.00208
                 242,           0.0099275,           0.0059334,            0.019563,              0.9436,             0.85249,             0.88127,             0.84432,            0.023686,           0.0067497,           0.0059794,            0.002047,            0.002047,            0.002047
                 243,           0.0092384,           0.0064764,            0.020969,             0.94797,             0.85163,             0.86705,             0.83252,            0.023612,           0.0070863,           0.0071934,            0.002014,            0.002014,            0.002014
                 244,           0.0091278,           0.0060987,            0.020595,             0.93101,              0.8515,             0.88024,             0.84357,            0.023551,           0.0069873,           0.0083028,            0.001981,            0.001981,            0.001981
                 245,            0.009146,           0.0065415,            0.019494,             0.93142,             0.85236,             0.88748,             0.84976,            0.023818,            0.007104,           0.0078489,            0.001948,            0.001948,            0.001948
                 246,           0.0089854,           0.0060868,            0.020359,             0.91628,             0.85561,             0.88235,             0.84255,            0.024297,           0.0074037,           0.0069202,            0.001915,            0.001915,            0.001915
                 247,           0.0085228,            0.006666,            0.020159,             0.92218,             0.85781,             0.87963,             0.84556,            0.024639,           0.0072058,           0.0066626,            0.001882,            0.001882,            0.001882
                 248,            0.010029,           0.0068594,             0.01833,             0.93152,             0.83634,             0.86997,             0.83237,            0.024274,            0.007112,           0.0070187,            0.001849,            0.001849,            0.001849
                 249,             0.00925,           0.0067456,            0.021149,             0.93023,              0.8466,             0.86549,             0.82738,              0.0241,           0.0071634,           0.0073445,            0.001816,            0.001816,            0.001816
                 250,           0.0092342,           0.0063928,            0.020176,               0.938,             0.84683,             0.87354,             0.83635,            0.024013,            0.006655,           0.0074407,            0.001783,            0.001783,            0.001783
                 251,           0.0087738,           0.0061625,            0.019998,             0.93618,              0.8479,             0.87099,             0.83509,            0.024391,           0.0066942,           0.0071989,             0.00175,             0.00175,             0.00175
                 252,           0.0093793,           0.0063746,            0.020157,             0.92837,             0.84979,              0.8681,             0.83506,             0.02427,           0.0072082,           0.0065607,            0.001717,            0.001717,            0.001717
                 253,           0.0090492,           0.0064662,            0.021164,             0.91883,             0.86565,             0.87992,             0.84489,            0.024119,           0.0068019,           0.0068233,            0.001684,            0.001684,            0.001684
                 254,           0.0093733,           0.0068797,            0.017958,             0.92744,             0.85583,             0.86553,             0.82885,            0.024289,           0.0070166,           0.0069974,            0.001651,            0.001651,            0.001651
                 255,           0.0093864,           0.0063565,            0.020299,             0.93487,             0.84251,             0.85429,             0.81926,            0.024324,           0.0075797,           0.0072489,            0.001618,            0.001618,            0.001618
                 256,           0.0089414,           0.0067566,            0.020207,              0.9304,             0.83447,             0.85201,             0.81981,            0.024164,           0.0075115,           0.0073216,            0.001585,            0.001585,            0.001585
                 257,           0.0091933,           0.0062972,             0.02142,             0.93283,             0.83775,             0.86314,             0.82911,            0.024366,           0.0072236,           0.0069691,            0.001552,            0.001552,            0.001552
                 258,           0.0093795,           0.0062614,            0.019957,             0.93389,             0.83329,             0.86604,             0.83003,            0.024418,           0.0073702,           0.0072601,            0.001519,            0.001519,            0.001519
                 259,           0.0092192,           0.0063626,            0.019181,             0.91396,             0.84151,             0.86069,             0.82455,            0.024595,           0.0076258,           0.0073869,            0.001486,            0.001486,            0.001486
                 260,           0.0094275,            0.006446,            0.019129,             0.92385,             0.83758,             0.86278,             0.82329,            0.024329,           0.0076049,           0.0074117,            0.001453,            0.001453,            0.001453
                 261,            0.008294,           0.0059456,             0.01994,             0.92402,             0.83058,             0.86155,             0.82501,            0.024533,           0.0076934,           0.0070997,             0.00142,             0.00142,             0.00142
                 262,             0.01027,           0.0064755,            0.020047,             0.93211,             0.83601,             0.86314,             0.82886,             0.02475,           0.0077582,           0.0069016,            0.001387,            0.001387,            0.001387
                 263,           0.0086566,           0.0067204,            0.019495,             0.93433,             0.83811,             0.86182,             0.82671,            0.024562,           0.0074028,           0.0068843,            0.001354,            0.001354,            0.001354
                 264,           0.0098347,           0.0070696,            0.017971,             0.93828,             0.83768,             0.86782,             0.82887,            0.024285,             0.00717,           0.0073324,            0.001321,            0.001321,            0.001321
                 265,           0.0096316,           0.0058809,            0.020992,             0.93798,             0.84076,             0.86354,             0.82805,            0.023906,           0.0073277,           0.0079703,            0.001288,            0.001288,            0.001288
                 266,           0.0091186,           0.0063897,             0.01811,             0.93723,             0.83869,             0.87067,             0.83656,            0.023776,           0.0075875,           0.0078351,            0.001255,            0.001255,            0.001255
                 267,           0.0088491,           0.0065333,            0.019826,             0.93077,             0.85496,             0.88211,             0.84524,            0.023901,           0.0072562,           0.0073047,            0.001222,            0.001222,            0.001222
                 268,           0.0084204,           0.0059561,            0.021352,              0.9348,             0.85474,             0.88371,             0.84795,            0.023849,           0.0074528,           0.0070325,            0.001189,            0.001189,            0.001189
                 269,           0.0083307,           0.0060755,            0.019503,             0.93363,             0.83897,             0.86657,             0.83236,            0.023877,           0.0080613,           0.0067937,            0.001156,            0.001156,            0.001156
                 270,           0.0088363,           0.0061033,            0.019095,             0.93783,             0.84401,             0.86634,               0.829,            0.024017,           0.0079228,           0.0065263,            0.001123,            0.001123,            0.001123
                 271,           0.0084578,           0.0058563,            0.019993,             0.94255,              0.8471,             0.86779,             0.83119,            0.024046,           0.0076766,           0.0064498,             0.00109,             0.00109,             0.00109
                 272,           0.0087508,           0.0064202,            0.020982,             0.93085,             0.84428,             0.87408,             0.83422,             0.02411,             0.00754,           0.0066938,            0.001057,            0.001057,            0.001057
                 273,           0.0080592,           0.0059552,            0.019722,             0.94108,             0.84252,             0.87352,             0.83623,            0.024091,           0.0073808,           0.0072808,            0.001024,            0.001024,            0.001024
                 274,           0.0092022,            0.006134,            0.019899,             0.93749,             0.83408,             0.86169,             0.82324,            0.024132,            0.007406,           0.0075737,            0.000991,            0.000991,            0.000991
                 275,           0.0083922,            0.005952,             0.01971,              0.9357,             0.82448,             0.85705,             0.82143,            0.023966,           0.0076224,            0.007942,            0.000958,            0.000958,            0.000958
                 276,           0.0093001,           0.0062413,            0.020502,              0.9367,              0.8223,             0.86067,             0.82559,            0.023956,           0.0076843,           0.0078979,            0.000925,            0.000925,            0.000925
                 277,           0.0086637,           0.0065401,            0.020503,             0.93802,             0.82162,             0.87046,             0.83444,            0.024119,           0.0075176,           0.0076874,            0.000892,            0.000892,            0.000892
                 278,           0.0079858,             0.00608,            0.018979,             0.92231,             0.83196,             0.87529,             0.84204,            0.024127,           0.0072373,           0.0077366,            0.000859,            0.000859,            0.000859
                 279,           0.0084097,           0.0061835,            0.021989,             0.92845,             0.83477,             0.87368,             0.84324,            0.024025,           0.0072038,           0.0082572,            0.000826,            0.000826,            0.000826
